{"cameraMode":{"drawMode":0,"name":"Shaded","section":"Shading Mode"},"sceneLighting":false,"audioPlay":false,"sceneViewState":{"showFog":true,"showMaterialUpdate":false,"showSkybox":true,"showFlares":true,"showImageEffects":true,"showParticleSystems":true},"in2DMode":false,"pivot":{"x":-3.9207372665405275,"y":18.214693069458009,"z":252.0213623046875},"rotation":{"x":0.036303773522377017,"y":-0.004502830095589161,"z":0.00016402392066083848,"w":0.9993306398391724},"size":4.580733776092529,"orthographic":false}